Tag,Probability
ADV,0.1161140871579557
DET,0.2981033733893152
ADJ,0.046474590994643114
PRON,0.10359056030114376
CCONJ,0.005429274648906906
NOUN,0.05146952367163747
ADP,0.16939336904589547
VERB,0.009193571738815694
PART,0.0013030259157376576
PUNCT,0.01353699145794122
AUX,0.005356884320254814
_,0.044085710149124074
SCONJ,0.01911104676415231
PROPN,0.08882293325611698
X,0.000868683943825105
NUM,0.02815983784566382
INTJ,0.00021717098595627624
